names,fit_time,f1,recall,precision,accuracy
resnet_linear,170.79016773700715,0.7809481029283767,0.7860000000000001,0.7962482998009123,0.783
resnet_rbf,175.4661155462265,0.7893513156027663,0.8109999999999999,0.7923665786379919,0.79
resnet_poly,185.58498833179473,0.6598112165757225,0.621,0.7581190136275857,0.724
resnet_sigmoid,124.47060303688049,0.7825797887973394,0.784,0.8059606214459911,0.7889999999999999
