names,fit_time,f1,recall,precision,accuracy
resnet_knn,2.3665659427642822,0.7172473939986204,0.882,0.6134103436889233,0.6499999999999999
resnet_nb,3.017420768737793,0.5931661476721944,0.567,0.6429072255320161,0.631
resnet_rf,12.479054594039917,0.7423604957983188,0.76,0.7497219489911615,0.7415
