names,fit_time,f1,recall,precision,accuracy
resnet_linear,178.4571322917938,0.7490279419717033,0.753,0.7650694244341388,0.752
resnet_rbf,173.3924396753311,0.7469773153810131,0.77,0.7667583071754679,0.7529999999999999
resnet_poly,186.33378021717073,0.65194862071176,0.6010000000000001,0.7715929744203557,0.704
resnet_sigmoid,135.23749814033508,0.7390227809176129,0.745,0.7789489333900395,0.7495
