names,fit_time,f1,recall,precision,accuracy
resnet_knn,2.302899789810181,0.7124365753250727,0.8370000000000001,0.6277856651116206,0.6595
resnet_nb,3.0614339828491213,0.5471050552161657,0.516,0.5978005885818591,0.5905
resnet_rf,10.909275770187378,0.7117194907093406,0.72,0.7305956399799863,0.7114999999999999
