names,fit_time,f1,recall,precision,accuracy
MI_knn,0.002835845947265625,0.6268010600226682,0.634,0.6281201169652636,0.6234999999999999
PCA_knn,0.0021167755126953124,0.5087558688532624,0.515,0.5044277824880226,0.505
SVMFS_knn,0.00251924991607666,0.6518307222623771,0.6719999999999999,0.6365815140379242,0.6425000000000001
MI_nb,0.0021541595458984377,0.6716795498415088,0.8400000000000001,0.5681587307412322,0.591
PCA_nb,0.0022227287292480467,0.6682751163541797,0.9700000000000001,0.5102262724347579,0.518
SVMFS_nb,0.0022109031677246095,0.6475559102713125,0.8280000000000001,0.5375566682583701,0.5545
MI_rf,0.3334923028945923,0.6362132927802666,0.649,0.6306867986216904,0.6315
PCA_rf,0.37433586120605467,0.49251589451709865,0.48699999999999993,0.5006483325187048,0.5
SVMFS_rf,0.9600356101989747,0.6438320996789805,0.6240000000000001,0.6769027801196138,0.659
