names,fit_time,f1,recall,precision,accuracy
MI_knn,0.005478024482727051,0.6026698627892408,0.635,0.581619110749952,0.5840000000000001
PCA_knn,0.004953813552856445,0.5871609016186858,0.604,0.5749741732066713,0.578
SVMFS_knn,0.013485431671142578,0.5954173195860324,0.617,0.5792515427566858,0.5815
MI_nb,0.0026279687881469727,0.6887217709802543,0.9180000000000001,0.5544040451877474,0.5835000000000001
PCA_nb,0.002319598197937012,0.4846911059692266,0.437,0.5661631160888427,0.5375
SVMFS_nb,0.002315974235534668,0.6949767986340092,0.9189999999999999,0.5619596301977708,0.5935
MI_rf,1.0047139406204224,0.6549612339223669,0.6759999999999999,0.6599908297794327,0.6475
PCA_rf,0.708591628074646,0.6110017096048381,0.6020000000000001,0.6258544267631666,0.62
SVMFS_rf,0.5104726552963257,0.650332649653712,0.668,0.6618362771718925,0.6485000000000001
