names,fit_time,f1,recall,precision,accuracy
MI_knn,0.006599211692810058,0.5989399169560075,0.604,0.6029096595738366,0.601
PCA_knn,0.05699968338012695,0.5703248346767411,0.639,0.5300924034930301,0.531
SVMFS_knn,0.6561235904693603,0.7076695793592165,0.7709999999999999,0.6631644263236074,0.6815
MI_nb,0.0025003433227539064,0.649838750678215,0.631,0.6934547866226503,0.669
PCA_nb,0.09019942283630371,0.5007830588947616,0.48199999999999993,0.5408701106508991,0.5405
SVMFS_nb,0.9890995264053345,0.683940924245246,0.67,0.7252685055610366,0.7105
MI_rf,0.5042165040969848,0.6645574225582199,0.68,0.6672017806586634,0.6679999999999999
PCA_rf,8.72940022945404,0.542803642134216,0.52,0.5908772466563478,0.5769999999999998
SVMFS_rf,8.0100994348526,0.7223424315728552,0.731,0.7402352666560535,0.724
