names,fit_time,f1,recall,precision,accuracy
MI_knn,0.0026304960250854493,0.5622630665831265,0.5599999999999999,0.5718680981367751,0.5625
PCA_knn,0.0026280879974365234,0.49739009919998606,0.488,0.5115670629662663,0.5119999999999999
SVMFS_knn,0.005241680145263672,0.6478652111836987,0.671,0.6320553432887318,0.641
MI_nb,0.0022154331207275392,0.6019897392385534,0.635,0.5994111323969925,0.5985
PCA_nb,0.0020230770111083984,0.6586340925147478,0.958,0.5019838417455367,0.5045
SVMFS_nb,0.0025315046310424804,0.6588398290076032,0.806,0.5635210902082279,0.5854999999999999
MI_rf,0.48370678424835206,0.5545416489452318,0.5539999999999999,0.5585990932195147,0.5555000000000001
PCA_rf,0.3732703447341919,0.49738441079522755,0.49400000000000005,0.5028591809916632,0.5035000000000001
SVMFS_rf,0.7842778921127319,0.6463574602214355,0.642,0.6627215819586342,0.6575
