names,fit_time,f1,recall,precision,accuracy
MI_knn,0.005999302864074707,0.5610447226247582,0.534,0.5985859442797988,0.5860000000000001
PCA_knn,0.09570033550262451,0.6579176836896354,0.89,0.5314183833503119,0.5385000000000001
SVMFS_knn,0.7438005685806275,0.7290315095519146,0.849,0.6483729490791019,0.6829999999999999
MI_nb,0.00260009765625,0.5495558523323343,0.44799999999999995,0.7314451844686448,0.6389999999999999
PCA_nb,0.09579987525939941,0.535181020306055,0.5309999999999999,0.550865745797552,0.5595
SVMFS_nb,0.9910004615783692,0.6899196395594889,0.678,0.7249144224478739,0.7175
MI_rf,0.42364501953125,0.6416973071959204,0.6419999999999999,0.6508146326546903,0.645
PCA_rf,8.701900410652161,0.5501052135271551,0.53,0.5920101700508398,0.5814999999999999
SVMFS_rf,8.216699171066285,0.7419305070373569,0.749,0.7603074785133486,0.744
